,IL13,TAAR6,COX5A,APOE
rs184958056,1,0,0,0
rs17166565,1,0,0,0
rs189884904,1,0,0,0
rs11739743,1,0,0,0
rs11749333,1,0,0,0
rs7732749,1,0,0,0
rs3863178,1,0,0,0
rs181524918,1,0,0,0
rs35616978,1,0,0,0
rs184413154,1,0,0,0
rs9686988,1,0,0,0
rs114618403,1,0,0,0
rs80197552,1,0,0,0
rs75499479,1,0,0,0
rs6877716,1,0,0,0
rs6859252,1,0,0,0
rs7722391,1,0,0,0
rs180920711,1,0,0,0
rs186181478,1,0,0,0
rs115743216,1,0,0,0
rs191476037,1,0,0,0
rs142775665,1,0,0,0
rs146046664,1,0,0,0
rs62374556,1,0,0,0
rs144803630,1,0,0,0
rs78579095,1,0,0,0
rs79020771,1,0,0,0
rs151113919,1,0,0,0
rs78875836,1,0,0,0
rs76618311,1,0,0,0
rs7729554,1,0,0,0
rs11739164,1,0,0,0
rs192144155,1,0,0,0
rs79128332,1,0,0,0
rs17166570,1,0,0,0
rs145031418,1,0,0,0
rs12515029,1,0,0,0
rs111490887,1,0,0,0
rs112004994,1,0,0,0
rs150108827,1,0,0,0
rs145590456,1,0,0,0
rs112571201,1,0,0,0
rs17166572,1,0,0,0
rs150852553,0,1,0,0
rs73781477,0,1,0,0
rs58657392,0,1,0,0
rs7772278,0,1,0,0
rs184054573,0,1,0,0
rs17061122,0,1,0,0
rs116312706,0,1,0,0
rs7739155,0,1,0,0
rs189140271,0,0,1,0
rs7170823,0,0,1,0
rs116916068,0,0,1,0
rs55812509,0,0,1,0
rs11072496,0,0,1,0
rs77676229,0,0,1,0
rs115486150,0,0,1,0
rs55726155,0,0,1,0
rs8036155,0,0,1,0
rs141351759,0,0,1,0
rs186974616,0,0,1,0
rs77171357,0,0,1,0
rs11547808,0,0,1,0
rs1128628,0,0,1,0
rs185597952,0,0,1,0
rs79171739,0,0,1,0
rs181346572,0,0,1,0
rs149521552,0,0,1,0
rs144101502,0,0,1,0
rs74814207,0,0,1,0
rs75272152,0,0,1,0
rs143394151,0,0,1,0
rs115188574,0,0,1,0
rs117460858,0,0,1,0
rs139559198,0,0,1,0
rs143567978,0,0,1,0
rs114036577,0,0,1,0
rs78266998,0,0,1,0
rs149738321,0,0,1,0
rs78139492,0,0,1,0
rs144174126,0,0,1,0
rs190803992,0,0,1,0
rs80036751,0,0,1,0
rs143563198,0,0,1,0
rs76712382,0,0,1,0
rs77265447,0,0,1,0
rs77763354,0,0,1,0
rs77821736,0,0,1,0
rs76160708,0,0,1,0
rs150589381,0,0,1,0
rs145699058,0,0,1,0
rs187554779,0,0,1,0
rs77417072,0,0,1,0
rs75388839,0,0,1,0
rs77111785,0,0,1,0
rs115261001,0,0,1,0
rs79874445,0,0,1,0
rs150254678,0,0,1,0
rs139871703,0,0,1,0
rs138934001,0,0,1,0
rs116272191,0,0,1,0
rs74394157,0,0,1,0
rs181109176,0,0,1,0
rs114769684,0,0,1,0
rs6495119,0,0,1,0
rs74025819,0,0,1,0
rs143964430,0,0,1,0
rs117030772,0,0,1,0
rs148655009,0,0,1,0
rs187353551,0,0,1,0
rs139198380,0,0,1,0
rs4128436,0,0,1,0
rs139518253,0,0,1,0
rs79570204,0,0,1,0
rs55675304,0,0,1,0
rs75041091,0,0,1,0
rs115916599,0,0,1,0
rs192340654,0,0,1,0
rs57469673,0,0,1,0
rs149172918,0,0,1,0
rs184726881,0,0,1,0
rs190834505,0,0,1,0
rs181703725,0,0,1,0
rs187072958,0,0,1,0
rs78423553,0,0,1,0
rs60525627,0,0,1,0
rs116017434,0,0,1,0
rs77512985,0,0,1,0
rs149728899,0,0,0,1
rs17657696,0,0,0,1
rs2571147,0,0,0,1
rs111734238,0,0,0,1
rs2571148,0,0,0,1
rs34762924,0,0,0,1
rs12463008,0,0,0,1
rs2571149,0,0,0,1
rs17800345,0,0,0,1
rs2722661,0,0,0,1
rs79663597,0,0,0,1
rs2571150,0,0,0,1
rs112597219,0,0,0,1
rs143200244,0,0,0,1
rs75946245,0,0,0,1
rs180851214,0,0,0,1
rs7246931,0,0,0,1
rs139118755,0,0,0,1
rs145965286,0,0,0,1
rs142164593,0,0,0,1
rs111776701,0,0,0,1
rs8102685,0,0,0,1
rs7248662,0,0,0,1
rs149962857,0,0,0,1
rs77953991,0,0,0,1
rs71362689,0,0,0,1
rs117332389,0,0,0,1
rs117547357,0,0,0,1
rs2571151,0,0,0,1
rs35570438,0,0,0,1
rs143741254,0,0,0,1
rs2571152,0,0,0,1
rs2571153,0,0,0,1
rs187752183,0,0,0,1
rs2722662,0,0,0,1
rs192636425,0,0,0,1
rs142345696,0,0,0,1
rs79080802,0,0,0,1
rs61188833,0,0,0,1
rs116202228,0,0,0,1
rs2722663,0,0,0,1
